"dog_number","total_dose","daily_dose","days_exposed","first_exposure_age","interrupts"
"666","850.0","77","11","442","0"
"667","594.0","54","11","442","0"
"685","413.0","38","11","396","0"
"686","2475.0","225","11","374","0"
"687","1733.0","158","11","374","0"
"688","1213.0","110","11","374","0"
"689","850.0","77","11","374","0"
"698","594.0","54","11","372","0"
"699","594.0","54","11","372","0"
"701","594.0","54","11","372","0"
"703","413.0","38","11","365","0"
"704","413.0","38","11","365","0"
"705","413.0","38","11","365","0"
"887","1458.0","54","27","464","0"
"888","1238.0","38","33","464","0"
"889","1208.0","26","46","465","0"
"891","1690.0","18","92","466","0"
"892","1452.0","18","79","462","0"
"893","1181.0","26","45","461","0"
"895","1350.0","54","25","460","0"
"900","1837.0","18","100","462","0"
"902","1200.0","38","32","460","0"
"904","1125.0","38","30","459","0"
"905","1275.0","13","100","462","0"
"907","1076.0","26","41","460","0"
"908","1275.0","13","100","462","0"
"909","1275.0","13","100","462","0"
"910","1566.0","54","29","442","0"
"911","1463.0","38","39","442","0"
"912","1155.0","26","44","443","0"
"913","1943.0","26","74","443","0"
"915","1176.0","18","64","467","0"
"916","1388.0","38","37","442","0"
"925","1047.0","18","57","447","0"
"926","1497.0","26","57","451","0"
"932","1242.0","54","23","420","0"
"942","1837.0","18","100","419","0"
"943","1275.0","13","100","420","0"
"945","1837.0","18","100","419","0"
"946","2138.0","38","57","417","0"
"948","1837.0","18","100","417","0"
"949","1275.0","13","100","418","0"
"950","1837.0","18","100","417","0"
"952","1050.0","26","40","445","0"
"953","1238.0","38","33","446","0"
"954","1275.0","13","100","413","0"
"955","1275.0","13","100","413","0"
"965","1050.0","38","28","411","0"
"966","735.0","26","28","419","0"
"967","540.0","54","10","422","0"
"968","270.0","54","5","422","0"
"969","1076.0","26","41","374","0"
"970","525.0","26","20","420","0"
"971","735.0","18","40","421","0"
"972","378.0","54","7","421","0"
"973","750.0","38","20","424","0"
"975","525.0","38","14","435","0"
"977","756.0","54","14","429","0"
"978","1080.0","54","20","430","0"
"989","1125.0","38","30","315","0"
"991","1763.0","38","47","308","0"
"992","1785.0","26","68","309","0"
"994","1759.0","26","67","309","0"
"995","1275.0","13","100","311","0"
"996","375.0","38","10","385","0"
"999","1837.0","18","100","310","0"
"1208","1785.0","26","68","802","0"
"1209","3838.0","13","301","802","0"
"1210","4965.0","8","662","803","0"
"1212","4361.0","4","1163","804","0"
"1215","12165.0","8","1622","817","0"
"1227","8445.0","4","2252","810","4"
"1229","10793.0","4","2878","810","0"
"1239","1523.0","26","58","780","0"
"1246","1084.0","13","85","779","0"
"1252","8745.0","8","1166","771","0"
"1255","9218.0","4","2458","772","0"
"1263","9983.0","8","1331","781","0"
"1264","8869.0","4","2365","783","0"
"1302","9694.0","4","2585","651","0"
"1303","1313.0","26","50","704","0"
"1306","1505.0","13","118","634","0"
"1329","1392.0","26","53","605","0"
"1331","11595.0","4","3092","602","0"
"1334","1815.0","4","484","617","0"
"1335","9308.0","4","2482","617","0"
"1341","1943.0","8","259","613","0"
"1348","2010.0","8","268","598","0"
"1349","1517.0","13","119","597","0"
"1351","2588.0","8","345","598","0"
"1361","1463.0","4","390","595","0"
"1362","1868.0","8","249","608","0"
"1366","7309.0","4","1949","606","0"
"1379","4448.0","4","1186","590","0"
"1380","1628.0","26","62","643","0"
"1381","13529.0","13","1061","573","0"
"1382","5018.0","8","669","571","0"
"1383","10407.0","4","2775","572","0"
"1386","6968.0","8","929","585","0"
"1389","5816.0","4","1551","582","0"
"1391","1365.0","26","52","635","0"
"1392","3709.0","4","989","582","0"
"1394","12942.0","13","1015","563","0"
"1397","2873.0","8","383","564","0"
"1429","7785.0","4","2076","493","0"
"1434","1935.0","8","258","499","0"
"1436","9912.0","4","2643","501","0"
"1439","5363.0","4","1430","501","0"
"1440","1181.0","26","45","484","0"
"1441","2206.0","13","173","484","0"
"1448","14745.0","8","1966","479","0"
"1449","10144.0","4","2705","475","0"
"1453","6761.0","4","1803","490","0"
"1461","233.0","8","31","1531","0"
"1462","3780.0","8","504","478","0"
"1464","3863.0","4","1030","480","0"
"1465","1759.0","26","67","533","0"
"1467","1943.0","8","259","461","0"
"1468","1913.0","13","150","460","0"
"1469","5400.0","4","1440","462","0"
"1472","6994.0","4","1865","460","0"
"1473","6041.0","4","1611","460","0"
"1474","1568.0","8","209","458","0"
"1502","1964.0","13","154","583","0"
"1522","5304.0","13","416","580","0"
"1523","1670.0","13","131","580","0"
"1525","1050.0","26","40","510","0"
"1526","1050.0","26","40","507","0"
"1533","1050.0","26","40","756","0"
"1536","1050.0","26","40","485","0"
"1542","2716.0","13","213","551","0"
"1543","1050.0","26","40","523","0"
"1544","1050.0","26","40","733","0"
"1547","1024.0","26","39","726","0"
"1554","1050.0","26","40","507","0"
"1556","998.0","26","38","717","0"
"1557","893.0","26","34","507","0"
"1574","971.0","26","37","434","0"
"1581","2397.0","13","188","496","0"
"1582","1050.0","26","40","468","0"
"1584","1050.0","26","40","526","0"
"1597","1050.0","26","40","473","0"
"1598","3038.0","8","405","600","0"
"1600","1050.0","26","40","515","0"
"1601","1050.0","26","40","515","0"
"1603","971.0","26","37","473","0"
"1611","1050.0","26","40","472","0"
"1617","315.0","26","12","793","0"
"1629","1050.0","26","40","452","0"
"1632","1050.0","26","40","410","0"
"1633","1050.0","26","40","494","0"
"1664","225.0","4","60","1157","0"
"1665","1050.0","26","40","444","0"
"1669","1050.0","26","40","439","0"
"1676","3038.0","8","405","481","0"
"1677","3038.0","8","405","481","0"
"1678","3038.0","8","405","481","0"
"1682","1050.0","26","40","433","0"
"1683","1050.0","26","40","475","0"
"1684","3038.0","8","405","476","0"
"1685","3038.0","8","405","476","0"
"1687","1050.0","26","40","475","0"
"1688","1050.0","26","40","559","0"
"1694","1050.0","26","40","471","0"
"1697","919.0","26","35","636","0"
"1698","3030.0","8","404","469","0"
"1699","1050.0","26","40","468","0"
"1700","998.0","26","38","552","0"
"1702","1050.0","26","40","594","0"
"1709","814.0","26","31","536","0"
"1711","225.0","4","60","2553","0"
"1714","1050.0","26","40","578","0"
"1721","1050.0","26","40","520","0"
"1722","1024.0","26","39","604","0"
"1723","1050.0","26","40","562","0"
"1725","1050.0","26","40","604","0"
"1728","1050.0","26","40","548","0"
"1732","1050.0","26","40","590","0"
"1775","1050.0","26","40","531","0"
"1776","1050.0","26","40","531","0"
"1789","473.0","26","18","617","0"
"1790","315.0","26","12","624","0"
"1794","1050.0","26","40","485","0"
"1828","158.0","26","6","489","0"
"1857","1050.0","26","40","451","0"
"1858","2997.0","13","235","451","0"
"1860","1050.0","26","40","451","0"
"1861","2997.0","13","235","451","0"
"1864","1050.0","26","40","416","0"
"1867","2997.0","13","235","415","0"
"1869","458.0","8","61","2338","0"
"1870","1050.0","26","40","415","0"
"1871","2997.0","13","235","415","0"
"1872","3038.0","8","405","509","0"
"1873","2997.0","13","235","410","0"
"1875","1050.0","26","40","466","0"
"1876","3038.0","8","405","509","0"
"1877","866.0","26","33","368","0"
"1885","1050.0","26","40","458","0"
"1886","3038.0","8","405","501","0"
"1890","3038.0","8","405","488","0"
"1891","2997.0","13","235","389","0"
"1892","1050.0","26","40","487","0"
"1895","1050.0","26","40","445","0"
"1901","1024.0","26","39","424","0"
"1911","3038.0","8","405","413","0"
"1912","1050.0","26","40","412","0"
"1913","3038.0","8","405","413","0"
"1915","1050.0","26","40","412","0"
"1917","3038.0","8","405","411","0"
"1918","1050.0","26","40","410","0"
"1921","3038.0","8","405","411","0"
"1925","1613.0","8","215","407","0"
"1927","3038.0","8","405","407","0"
"1933","3038.0","8","405","404","0"
"1948","1050.0","26","40","547","0"
"1950","1050.0","26","40","547","0"
"1951","1050.0","26","40","589","0"
"1952","2359.0","13","185","512","0"
"1954","1050.0","26","40","582","0"
"1955","1050.0","26","40","540","0"
"1956","1050.0","26","40","582","0"
"1957","1050.0","26","40","528","0"
"1958","1050.0","26","40","570","0"
"1959","3009.0","13","236","493","0"
"1960","1050.0","26","40","612","0"
"1969","2308.0","13","181","462","0"
"1970","3009.0","13","236","462","0"
"1971","3009.0","13","236","462","0"
"1978","3009.0","13","236","438","0"
"1979","1050.0","26","40","557","0"
"1982","1050.0","26","40","498","0"
"1999","1050.0","26","40","471","0"
"2000","233.0","4","62","409","0"
"2001","1024.0","26","39","601","0"
"2007","233.0","8","31","432","0"
"2008","395.0","13","31","442","0"
"2012","221.0","4","59","403","0"
"2017","446.0","13","35","506","0"
"2019","218.0","4","58","383","0"
"2047","612.0","13","48","367","0"
"2055","357.0","13","28","503","0"
"2058","210.0","8","28","448","0"
"2062","225.0","8","30","644","0"
"2063","510.0","13","40","760","0"
"2067","3038.0","8","405","488","0"
"2070","3038.0","8","405","459","0"
"2072","1500.0","8","200","459","0"
"2073","1517.0","13","119","458","0"
"2074","3009.0","13","236","458","0"
"2075","1500.0","8","200","458","0"
"2076","1268.0","8","169","458","0"
"2077","1262.0","13","99","457","0"
"2078","1913.0","8","255","458","0"
"2079","1500.0","8","200","458","0"
"2083","1505.0","13","118","440","0"
"2084","203.0","8","27","357","0"
"2086","1500.0","8","200","440","0"
"2087","1853.0","8","247","440","0"
"2088","1500.0","8","200","440","0"
"2089","2818.0","13","221","439","0"
"2090","1900.0","13","149","439","0"
"2091","2618.0","8","349","438","0"
"2092","1390.0","13","109","437","0"
"2094","435.0","8","58","385","0"
"2100","1500.0","8","200","382","0"
"2101","735.0","26","28","364","0"
"2102","450.0","8","60","663","0"
"2114","1260.0","26","48","615","0"
"2120","1497.0","26","57","582","0"
"2121","523.0","13","41","556","0"
"2123","2022.0","26","77","680","0"
"2134","523.0","13","41","571","0"
"2135","450.0","8","60","480","0"
"2136","2205.0","26","84","667","0"
"2138","3038.0","8","405","533","0"
"2139","1898.0","8","253","533","0"
"2141","1497.0","26","57","651","0"
"2142","3038.0","8","405","533","0"
"2143","1973.0","8","263","533","0"
"2145","3038.0","8","405","531","0"
"2146","2018.0","8","269","531","0"
"2147","1463.0","8","195","531","0"
"2148","1234.0","26","47","649","0"
"2156","3038.0","8","405","512","0"
"2157","765.0","13","60","645","0"
"2180","525.0","26","20","980","0"
"2181","1133.0","4","302","479","0"
"2182","1133.0","4","302","479","0"
"2183","153.0","13","12","463","0"
"2185","443.0","8","59","469","0"
"2186","1133.0","4","302","452","0"
"2187","765.0","13","60","590","0"
"2189","1133.0","4","302","452","0"
"2193","1133.0","4","302","443","0"
"2195","1133.0","4","302","443","0"
"2199","1133.0","4","302","415","0"
"2200","1133.0","4","302","415","0"
"2201","472.0","13","37","404","0"
"2203","225.0","4","60","-60","0"
"2204","225.0","4","60","-60","0"
"2205","225.0","4","60","-60","0"
"2206","225.0","4","60","-60","0"
"2207","225.0","4","60","-60","0"
"2208","225.0","4","60","-60","0"
"2212","218.0","4","58","-58","0"
"2213","218.0","4","58","-58","0"
"2214","218.0","4","58","-58","0"
"2215","218.0","4","58","-58","0"
"2216","218.0","4","58","-58","0"
"2217","218.0","4","58","-58","0"
"2222","497.0","13","39","414","0"
"2223","1260.0","26","48","603","0"
"2224","1864.0","26","71","603","0"
"2226","1549.0","26","59","680","0"
"2227","233.0","4","62","-62","0"
"2228","233.0","4","62","-62","0"
"2229","233.0","4","62","-62","0"
"2230","233.0","4","62","-62","0"
"2231","233.0","4","62","-62","0"
"2232","221.0","4","59","-59","0"
"2241","1262.0","13","99","401","0"
"2248","1760.0","13","138","400","0"
"2249","1288.0","13","101","400","0"
"2250","1925.0","13","151","400","0"
"2251","1497.0","26","57","820","0"
"2252","1709.0","13","134","400","0"
"2253","1497.0","26","57","820","0"
"2258","229.0","4","61","958","0"
"2259","525.0","26","20","955","0"
"2260","459.0","13","36","500","0"
"2262","1619.0","13","127","479","0"
"2263","866.0","26","33","504","0"
"2279","2022.0","26","77","562","0"
"2282","1864.0","26","71","479","0"
"2283","1497.0","26","57","815","0"
"2285","1358.0","8","181","473","0"
"2286","1470.0","26","56","815","0"
"2288","1230.0","8","164","472","0"
"2289","1500.0","8","200","472","0"
"2291","1500.0","8","200","472","0"
"2292","1339.0","13","105","702","0"
"2293","1500.0","8","200","472","0"
"2294","1500.0","8","200","471","0"
"2295","1500.0","8","200","471","0"
"2300","1500.0","8","200","716","0"
"2304","435.0","8","58","-58","0"
"2305","435.0","8","58","-58","0"
"2306","435.0","8","58","-58","0"
"2307","435.0","8","58","-58","0"
"2317","465.0","8","62","1486","0"
"2318","1415.0","13","111","642","0"
"2323","1492.0","13","117","452","0"
"2325","1492.0","13","117","452","0"
"2330","1492.0","13","117","432","0"
"2331","1492.0","13","117","432","0"
"2332","1500.0","8","200","622","0"
"2333","1492.0","13","117","432","0"
"2337","1492.0","13","117","413","0"
"2338","1492.0","13","117","413","0"
"2342","43.0","1","57","2387","0"
"2343","114.0","2","61","2391","0"
"2346","1497.0","26","57","669","0"
"2347","1492.0","13","117","531","0"
"2348","1500.0","8","200","546","0"
"2349","1492.0","13","117","531","0"
"2350","1275.0","13","100","527","0"
"2351","225.0","4","60","758","0"
"2354","1058.0","4","282","435","0"
"2355","1058.0","4","282","435","0"
"2356","1058.0","4","282","435","0"
"2357","1058.0","4","282","435","0"
"2358","1058.0","4","282","435","0"
"2359","1058.0","4","282","435","0"
"2360","1058.0","4","282","435","0"
"2369","1058.0","4","282","402","0"
"2370","1058.0","4","282","402","0"
"2373","1058.0","4","282","402","0"
"2374","1497.0","26","57","427","0"
"2377","1500.0","8","200","495","0"
"2378","1441.0","13","113","480","0"
"2379","1497.0","26","57","424","0"
"2380","1500.0","8","200","495","0"
"2383","1500.0","8","200","478","0"
"2384","1377.0","13","108","463","0"
"2385","1403.0","13","110","463","0"
"2386","1500.0","8","200","478","0"
"2387","450.0","8","60","-60","0"
"2388","450.0","8","60","-60","0"
"2389","450.0","8","60","-60","0"
"2390","450.0","8","60","-60","0"
"2391","1500.0","8","200","451","0"
"2392","1500.0","8","200","451","0"
"2394","1500.0","8","200","451","0"
"2397","1500.0","8","200","451","0"
"2403","1500.0","8","200","430","0"
"2404","1500.0","8","200","430","0"
"2405","1500.0","8","200","430","0"
"2406","1500.0","8","200","430","0"
"2407","472.0","13","37","-37","0"
"2408","472.0","13","37","-37","0"
"2409","472.0","13","37","-37","0"
"2410","472.0","13","37","-37","0"
"2411","472.0","13","37","-37","0"
"2412","472.0","13","37","-37","0"
"2413","472.0","13","37","-37","0"
"2414","472.0","13","37","-37","0"
"2415","523.0","13","41","-41","0"
"2416","523.0","13","41","-41","0"
"2417","523.0","13","41","-41","0"
"2418","523.0","13","41","-41","0"
"2419","523.0","13","41","-41","0"
"2420","523.0","13","41","-41","0"
"2428","497.0","13","39","-39","0"
"2429","497.0","13","39","-39","0"
"2430","497.0","13","39","-39","0"
"2431","497.0","13","39","-39","0"
"2432","497.0","13","39","-39","0"
"2433","523.0","13","41","-41","0"
"2434","523.0","13","41","-41","0"
"2435","523.0","13","41","-41","0"
"2436","523.0","13","41","-41","0"
"2437","523.0","13","41","-41","0"
"2438","523.0","13","41","-41","0"
"2439","523.0","13","41","-41","0"
"2440","510.0","13","40","-40","0"
"2441","510.0","13","40","-40","0"
"2442","510.0","13","40","-40","0"
"2443","510.0","13","40","-40","0"
"2444","510.0","13","40","-40","0"
"2445","510.0","13","40","-40","0"
"2447","443.0","8","59","-59","0"
"2448","443.0","8","59","-59","0"
"2449","443.0","8","59","-59","0"
"2450","450.0","8","60","-60","0"
"2451","450.0","8","60","-60","0"
"2452","450.0","8","60","-60","0"
"2453","450.0","8","60","-60","0"
"2459","1470.0","26","56","410","0"
"2470","1492.0","13","117","439","0"
"2471","1377.0","13","108","439","0"
"2476","1492.0","13","117","420","0"
"2478","1492.0","13","117","420","0"
"2479","1492.0","13","117","420","0"
"2480","765.0","13","60","-60","0"
"2481","765.0","13","60","-60","0"
"2482","765.0","13","60","-60","0"
"2483","765.0","13","60","-60","0"
"2484","765.0","13","60","-60","0"
"2485","765.0","13","60","-60","0"
"2486","765.0","13","60","-60","0"
"2487","765.0","13","60","-60","0"
"2488","765.0","13","60","-60","0"
"2489","765.0","13","60","-60","0"
"2490","1441.0","13","113","406","0"
"2494","1492.0","13","117","398","0"
"2495","1050.0","4","280","498","0"
"2497","1288.0","13","101","384","0"
"2499","1500.0","4","400","491","0"
"2500","1050.0","4","280","484","0"
"2501","1500.0","4","400","491","0"
"2502","1050.0","4","280","484","0"
"2508","1500.0","4","400","470","0"
"2509","1050.0","4","280","463","0"
"2519","1500.0","4","400","447","0"
"2520","1050.0","4","280","440","0"
"2521","1500.0","4","400","447","0"
"2522","1050.0","4","280","440","0"
"2537","1500.0","4","400","429","0"
"2538","1050.0","8","140","442","0"
"2539","1050.0","8","140","442","0"
"2540","1050.0","8","140","442","0"
"2543","1050.0","8","140","404","0"
"2544","1050.0","8","140","404","0"
"2545","1050.0","8","140","404","0"
"2546","1050.0","8","140","404","0"
"2547","1050.0","8","140","404","0"
"2554","1403.0","13","110","507","0"
"2555","1466.0","13","115","507","0"
"2556","1441.0","13","113","507","0"
"2558","1492.0","13","117","507","0"
"2563","1441.0","13","113","428","0"
"2564","1479.0","13","116","428","0"
"2565","1492.0","13","117","428","0"
"2566","1377.0","13","108","428","0"
"2572","1050.0","8","140","449","0"
"2574","1050.0","8","140","449","0"
"2581","1050.0","8","140","437","0"
"2582","1050.0","8","140","437","0"
"2593","1050.0","8","140","432","0"
"2597","945.0","8","126","415","0"
"2602","165.0","4","44","1129","0"
"2606","1050.0","8","140","411","0"
"2616","1050.0","8","140","396","0"
"2617","1050.0","8","140","410","0"
"2620","1050.0","8","140","407","0"
"2621","1050.0","8","140","407","0"
"2625","1050.0","8","140","391","0"
"2632","44.0","1","59","1057","2"
"2633","833.0","8","111","386","0"
"2639","43.0","1","57","1053","2"
"2647","1050.0","8","140","377","0"
"2649","1050.0","8","140","377","0"
"2650","1050.0","8","140","377","0"
"2663","218.0","4","58","1323","0"
"2677","18.0","0","60","1763","0"
"2678","113.0","2","60","1316","0"
"2689","1050.0","26","40","494","0"
"2692","1050.0","26","40","490","0"
"2693","1046.0","13","82","504","0"
"2694","1050.0","8","140","490","0"
"2702","1050.0","8","140","487","0"
"2703","1046.0","13","82","501","0"
"2705","1050.0","26","40","487","0"
"2706","1046.0","13","82","501","0"
"2708","525.0","26","20","-39","0"
"2709","525.0","26","20","-39","0"
"2710","525.0","26","20","-39","0"
"2711","525.0","26","20","-39","0"
"2712","525.0","26","20","-39","0"
"2713","229.0","4","61","517","0"
"2714","1050.0","26","40","477","0"
"2715","1050.0","8","140","477","0"
"2716","1046.0","13","82","491","0"
"2720","1050.0","8","140","445","0"
"2721","1046.0","13","82","459","0"
"2722","1046.0","13","82","459","0"
"2727","761.0","26","29","465","0"
"2729","1046.0","13","82","394","0"
"2731","1046.0","13","82","394","0"
"2732","761.0","26","29","457","0"
"2741","761.0","26","29","445","0"
"2746","761.0","26","29","417","0"
"2749","1500.0","4","400","412","0"
"2751","1046.0","13","82","438","0"
"2752","1500.0","4","400","412","0"
"2756","1500.0","4","400","408","0"
"2757","1500.0","4","400","408","0"
"2763","1500.0","4","400","404","0"
"2764","1500.0","4","400","404","0"
"2765","1500.0","4","400","404","0"
"2766","1500.0","4","400","404","0"
"2767","1500.0","4","400","404","0"
"2768","1500.0","4","400","419","0"
"2769","1500.0","4","400","404","0"
"2773","1500.0","4","400","411","0"
"2774","1046.0","13","82","422","0"
"2775","1500.0","4","400","411","0"
"2776","1500.0","4","400","411","0"
"2777","525.0","26","20","-39","0"
"2778","525.0","26","20","-39","0"
"2779","525.0","26","20","-39","0"
"2780","525.0","26","20","-39","0"
"2781","525.0","26","20","-39","0"
"2782","525.0","26","20","-39","0"
"2783","525.0","26","20","-39","0"
"2787","229.0","4","61","-61","0"
"2788","229.0","4","61","-61","0"
"2789","229.0","4","61","-61","0"
"2790","229.0","4","61","-61","0"
"2791","229.0","4","61","-61","0"
"2792","229.0","4","61","-61","0"
"2793","225.0","4","60","-60","0"
"2794","225.0","4","60","-60","0"
"2795","225.0","4","60","-60","0"
"2798","1046.0","13","82","393","0"
"2802","1046.0","13","82","393","0"
"2805","1046.0","13","82","388","0"
"2807","221.0","4","59","883","0"
"2810","1046.0","13","82","387","0"
"2814","1046.0","13","82","387","0"
"2815","1046.0","13","82","387","0"
"2841","18.0","0","59","765","2"
"2843","37.0","1","49","1498","0"
"2846","111.0","2","59","743","2"
"2857","225.0","4","60","1001","0"
"2858","1046.0","13","82","405","0"
"2859","1046.0","13","82","405","0"
"2862","1046.0","13","82","400","0"
"2866","1046.0","13","82","393","0"
"2868","1046.0","13","82","393","0"
"2872","1046.0","13","82","392","0"
"2876","1046.0","13","82","392","0"
"2878","1046.0","13","82","392","0"
"2880","114.0","2","61","1423","0"
"2881","1492.0","13","117","493","0"
"2883","1492.0","13","117","493","0"
"2889","1492.0","13","117","485","0"
"2893","1492.0","13","117","475","0"
"2895","1492.0","13","117","475","0"
"2899","1492.0","13","117","475","0"
"2911","1339.0","13","105","441","0"
"2933","450.0","8","60","479","0"
"2934","1575.0","8","210","485","2"
"2935","446.0","13","35","482","0"
"2937","12390.0","8","1652","470","0"
"2939","450.0","8","60","464","0"
"2940","446.0","13","35","467","0"
"2941","450.0","8","60","464","0"
"2942","10755.0","8","1434","470","0"
"2945","450.0","8","60","449","0"
"2946","2220.0","8","296","455","0"
"2947","446.0","13","35","452","0"
"2948","446.0","13","35","452","0"
"2949","450.0","8","60","449","0"
"2950","9900.0","8","1320","455","0"
"2954","2678.0","8","357","449","0"
"2955","446.0","13","35","446","0"
"2958","450.0","8","60","440","0"
"2959","446.0","13","35","443","0"
"2960","450.0","8","60","440","0"
"2962","446.0","13","35","443","0"
"2963","450.0","8","60","440","0"
"2964","450.0","8","60","440","0"
"2965","450.0","8","60","440","0"
"2966","6178.0","2","3295","400","2"
"2967","2990.0","1","3986","400","2"
"2968","3433.0","2","1831","400","2"
"2969","2174.0","1","2898","400","2"
"2972","6647.0","2","3545","400","2"
"2973","5875.0","2","3133","400","2"
"2974","1358.0","0","4528","400","2"
"2976","2323.0","2","1239","400","2"
"2977","2881.0","1","3841","400","2"
"2978","4898.0","2","2612","400","2"
"2979","225.0","4","60","-60","0"
"2980","225.0","4","60","-60","0"
"2981","225.0","4","60","-60","0"
"2982","1445.0","0","4818","400","2"
"2984","5860.0","2","3125","400","2"
"2985","667.0","0","2222","400","2"
"2987","7346.0","2","3918","400","2"
"2988","3245.0","1","4327","400","2"
"2990","2929.0","2","1562","400","90"
"2991","1640.0","1","2187","400","2"
"2992","2923.0","2","1559","400","2"
"2993","1161.0","0","3871","400","2"
"2995","1373.0","0","4578","400","2"
"2997","5743.0","2","3063","400","2"
"2998","2354.0","1","3138","400","2"
"3000","6085.0","2","3245","400","2"
"3006","3806.0","2","2030","400","0"
"3008","2917.0","1","3889","400","2"
"3009","6610.0","2","3525","400","2"
"3010","1009.0","0","3365","400","2"
"3011","933.0","0","3109","400","2"
"3014","6488.0","2","3460","400","2"
"3016","2383.0","1","3177","400","2"
"3017","6229.0","2","3322","400","2"
"3018","1238.0","0","4127","400","2"
"3023","6208.0","2","3311","400","2"
"3029","7105.0","2","3789","400","2"
"3030","2302.0","1","3069","400","2"
"3031","7331.0","2","3910","400","2"
"3033","1565.0","0","5218","400","2"
"3034","2201.0","1","2934","400","2"
"3036","4140.0","2","2208","400","2"
"3046","4941.0","2","2635","400","2"
"3053","3788.0","1","5050","400","2"
"3054","6056.0","2","3230","400","2"
"3055","229.0","4","61","-61","0"
"3056","229.0","4","61","-61","0"
"3057","229.0","4","61","-61","0"
"3058","229.0","4","61","-61","0"
"3059","229.0","4","61","-61","0"
"3060","229.0","4","61","-61","0"
"3062","622.0","0","2073","400","0"
"3063","1174.0","0","3914","400","0"
"3065","6055.0","2","3229","400","0"
"3066","450.0","8","60","400","0"
"3068","450.0","8","60","400","0"
"3069","450.0","8","60","400","0"
"3070","450.0","8","60","400","0"
"3071","458.0","8","61","-61","0"
"3072","458.0","8","61","-61","0"
"3073","458.0","8","61","-61","0"
"3074","458.0","8","61","-61","0"
"3075","458.0","8","61","-61","0"
"3076","458.0","8","61","-61","0"
"3077","458.0","8","61","-61","0"
"3079","1553.0","8","207","420","0"
"3081","11753.0","8","1567","420","0"
"3084","3788.0","8","505","411","0"
"3085","450.0","4","120","402","0"
"3086","1658.0","8","221","411","0"
"3087","450.0","4","120","402","0"
"3088","446.0","13","35","402","0"
"3089","3045.0","8","406","409","0"
"3090","450.0","4","120","400","0"
"3092","450.0","4","120","400","0"
"3093","446.0","13","35","400","0"
"3095","446.0","13","35","400","0"
"3096","1335.0","8","178","409","0"
"3097","446.0","13","35","400","0"
"3102","450.0","4","120","417","0"
"3103","450.0","4","120","417","0"
"3109","450.0","4","120","414","0"
"3111","446.0","13","35","414","0"
"3115","450.0","4","120","413","0"
"3116","450.0","4","120","413","0"
"3117","450.0","4","120","413","0"
"3118","450.0","4","120","413","0"
"3120","446.0","13","35","401","0"
"3121","450.0","4","120","401","0"
"3122","446.0","13","35","401","0"
"3128","446.0","13","35","398","0"
"3132","450.0","4","120","410","0"
"3133","446.0","26","17","410","0"
"3134","450.0","4","120","410","0"
"3135","450.0","4","120","410","0"
"3136","446.0","26","17","410","0"
"3137","450.0","4","120","410","0"
"3138","450.0","4","120","408","0"
"3139","446.0","26","17","408","0"
"3140","450.0","4","120","408","0"
"3141","450.0","4","120","408","0"
"3144","446.0","26","17","392","0"
"3145","450.0","4","120","392","0"
"3148","1505.0","13","118","403","0"
"3149","1505.0","13","118","403","0"
"3151","1505.0","13","118","403","0"
"3157","1492.0","13","117","400","0"
"3159","1492.0","13","117","400","0"
"3160","1492.0","13","117","400","0"
"3161","1377.0","13","108","400","0"
"3162","1250.0","13","98","400","0"
"3164","446.0","26","17","400","0"
"3165","446.0","26","17","400","0"
"3166","446.0","26","17","400","0"
"3167","446.0","26","17","400","0"
"3168","450.0","8","60","400","0"
"3169","450.0","8","60","400","0"
"3170","450.0","8","60","400","0"
"3171","450.0","8","60","400","0"
"3173","450.0","8","60","400","0"
"3174","446.0","26","17","406","0"
"3175","465.0","8","62","-58","0"
"3176","465.0","8","62","-62","0"
"3177","465.0","8","62","-62","0"
"3178","465.0","8","62","-62","0"
"3179","465.0","8","62","-62","0"
"3180","465.0","8","62","-62","0"
"3183","446.0","26","17","401","0"
"3185","446.0","26","17","401","0"
"3188","446.0","26","17","400","0"
"3189","446.0","26","17","400","0"
"3190","446.0","26","17","400","0"
"3191","446.0","26","17","427","0"
"3192","450.0","8","60","400","0"
"3195","446.0","26","17","401","0"
"3196","446.0","13","35","401","0"
"3198","446.0","26","17","421","0"
"3202","446.0","26","17","401","0"
"3203","446.0","13","35","401","0"
"3204","446.0","13","35","401","0"
"3205","60.0","2","32","401","0"
"3208","446.0","26","17","421","0"
"3209","446.0","26","17","395","0"
"3210","485.0","13","38","400","0"
"3211","1940.0","1","2586","400","0"
"3212","1367.0","2","729","400","0"
"3216","485.0","13","38","397","0"
"3220","1505.0","13","118","400","0"
"3221","1505.0","13","118","400","0"
"3222","1505.0","13","118","400","0"
"3224","9953.0","8","1327","444","0"
"3229","1838.0","8","245","430","0"
"3231","2040.0","8","272","426","0"
"3232","1890.0","8","252","426","0"
"3235","3278.0","8","437","426","0"
"3237","6233.0","8","831","426","0"
"3238","5554.0","2","2962","400","0"
"3240","2963.0","1","3950","400","0"
"3241","1894.0","2","1010","400","0"
"3243","1111.0","0","3705","400","0"
"3244","1496.0","0","4987","400","0"
"3249","6478.0","2","3455","400","0"
"3252","113.0","2","60","426","0"
"3254","3388.0","1","4517","400","0"
"3255","1541.0","2","822","400","0"
"3256","1087.0","0","3625","400","0"
"3257","6741.0","2","3595","400","0"
"3258","2974.0","1","3965","400","0"
"3259","5741.0","2","3062","400","0"
"3260","1063.0","0","3545","400","0"
"3263","4590.0","2","2448","400","0"
"3264","3290.0","1","4387","400","0"
"3265","4834.0","2","2578","400","0"
"3266","3645.0","2","1944","400","0"
"3269","1195.0","0","3985","400","0"
"3270","1526.0","1","2034","400","0"
"3271","5458.0","2","2911","400","0"
"3272","1286.0","0","4286","400","0"
"3281","5756.0","2","3070","400","0"
"3282","2273.0","1","3030","400","0"
"3283","868.0","2","463","400","0"
"3285","5402.0","2","2881","400","0"
"3286","1361.0","0","4538","400","0"
"3288","4945.0","2","2637","400","0"
"3289","2141.0","1","2855","400","0"
"3292","901.0","0","3004","400","0"
"3293","1344.0","0","4481","400","0"
"3295","2632.0","1","3509","400","0"
"3297","3241.0","1","4321","400","0"
"3298","314.0","0","1046","400","0"
"3299","2410.0","1","3213","400","0"
"3300","1478.0","0","4928","400","0"
"3301","2335.0","1","3113","400","0"
"3302","945.0","0","3150","400","0"
"3310","1125.0","0","3750","400","0"
"3313","114.0","2","61","-61","0"
"3314","114.0","2","61","-61","0"
"3315","114.0","2","61","-61","0"
"3316","114.0","2","61","-61","0"
"3317","114.0","2","61","-61","0"
"3318","114.0","2","61","-61","0"
"3325","1269.0","0","4232","400","0"
"3326","44.0","1","59","-59","0"
"3327","44.0","1","59","-59","0"
"3328","44.0","1","59","-59","0"
"3329","44.0","1","59","-59","0"
"3330","44.0","1","59","-59","0"
"3331","18.0","0","61","-61","0"
"3332","18.0","0","61","-61","0"
"3333","18.0","0","61","-61","0"
"3334","18.0","0","61","-61","0"
"3335","18.0","0","61","-61","0"
"3336","18.0","0","61","-61","0"
"3337","46.0","1","61","-61","0"
"3338","46.0","1","61","-61","0"
"3339","46.0","1","61","-61","0"
"3340","46.0","1","61","-61","0"
"3341","46.0","1","61","-61","0"
"3342","46.0","1","61","-61","0"
"3343","46.0","1","61","-61","0"
"3344","46.0","1","61","-61","0"
"3348","1505.0","13","118","400","0"
"3349","1505.0","13","118","400","0"
"3350","1505.0","13","118","400","0"
"3352","1505.0","13","118","400","0"
"3362","2619.0","1","3493","400","0"
"3363","1443.0","0","4809","400","0"
"3365","1084.0","0","3614","400","0"
"3368","1442.0","0","4808","400","0"
"3370","754.0","0","2512","400","0"
"3372","3067.0","1","4090","400","0"
"3373","1060.0","0","3534","400","0"
"3377","1440.0","0","4799","400","0"
"3378","1440.0","0","4799","400","0"
"3382","1152.0","1","1536","400","0"
"3383","2161.0","1","2881","400","0"
"3384","963.0","0","3210","400","0"
"3387","221.0","4","59","-59","0"
"3388","221.0","4","59","-59","0"
"3389","221.0","4","59","-59","0"
"3390","221.0","4","59","-59","0"
"3391","221.0","4","59","-59","0"
"3392","221.0","4","59","-59","0"
"3393","221.0","4","59","-59","0"
"3394","221.0","4","59","-59","0"
"3395","221.0","4","59","-59","0"
"3398","17.0","0","57","590","0"
"3400","668.0","0","2226","400","0"
"3410","1438.0","0","4795","400","0"
"3411","2863.0","1","3817","400","0"
"3412","1353.0","0","4511","400","0"
"3413","3163.0","1","4217","400","0"
"3414","1362.0","0","4542","400","0"
"3416","4688.0","2","2500","400","0"
"3417","1042.0","0","3475","400","0"
"3419","1311.0","0","4369","400","0"
"3422","3339.0","1","4452","400","0"
"3423","1396.0","0","4655","400","0"
"3426","907.0","0","3023","400","0"
"3427","1047.0","0","3490","400","0"
"3431","1976.0","1","2635","400","0"
"3432","1433.0","0","4776","400","0"
"3434","1309.0","0","4363","400","0"
"3435","2273.0","1","3030","400","0"
"3436","1264.0","0","4214","400","0"
"3437","2029.0","1","2705","400","0"
"3440","1272.0","0","4241","404","0"
"3441","1392.0","0","4642","404","0"
"3443","990.0","0","3301","404","0"
"3444","2933.0","1","3911","404","7"
"3446","2865.0","1","3820","403","0"
"3447","1430.0","0","4767","403","0"
"3448","1001.0","0","3338","403","0"
"3456","1430.0","0","4767","400","0"
"3459","1311.0","0","4372","400","0"
"3463","3131.0","1","4174","400","0"
"3464","871.0","0","2903","400","0"
"3466","3520.0","1","4693","400","0"
"3468","4540.0","2","2421","401","0"
"3469","1149.0","0","3830","401","0"
"3470","865.0","0","2883","401","0"
"3472","801.0","0","2669","401","0"
"3473","1994.0","1","2658","401","0"
"3474","1307.0","0","4357","401","0"
"3478","2571.0","1","3428","400","0"
"3479","1377.0","0","4589","400","0"
"3480","934.0","0","3115","400","0"
"3481","1106.0","0","3686","400","0"
"3482","946.0","0","3154","400","0"
"3484","1433.0","8","191","423","0"
"3485","11760.0","8","1568","423","0"
"3486","1373.0","8","183","423","0"
"3487","1320.0","0","4401","400","0"
"3488","2173.0","1","2897","400","0"
"3489","1007.0","0","3357","400","0"
"3491","1680.0","8","224","420","0"
"3492","1763.0","8","235","420","0"
"3493","1252.0","0","4175","400","0"
"3494","3290.0","1","4387","400","0"
"3495","124.0","0","414","400","0"
"3496","983.0","8","131","390","0"
"3500","808.0","0","2692","402","0"
"3503","1054.0","0","3514","402","0"
"3504","1200.0","0","3999","402","0"
"3506","218.0","4","58","-58","0"
"3507","218.0","4","58","-58","0"
"3508","218.0","4","58","-58","0"
"3509","218.0","4","58","-58","0"
"3510","218.0","4","58","-58","0"
"3511","218.0","4","58","-58","0"
"3512","218.0","4","58","-58","0"
"3513","218.0","4","58","-58","0"
"3514","218.0","4","58","-58","0"
"3515","218.0","4","58","-58","0"
"3516","113.0","2","60","-60","0"
"3517","113.0","2","60","-60","0"
"3518","113.0","2","60","-60","0"
"3519","113.0","2","60","-60","0"
"3520","225.0","4","60","-60","0"
"3521","225.0","4","60","-60","0"
"3522","225.0","4","60","-60","0"
"3523","225.0","4","60","-60","0"
"3524","225.0","4","60","-60","0"
"3525","225.0","4","60","-60","0"
"3526","225.0","4","60","-60","0"
"3527","225.0","4","60","-60","0"
"3528","1372.0","1","1829","400","0"
"3535","1287.0","0","4289","400","0"
"3541","6109.0","2","3258","400","0"
"3543","1371.0","0","4571","400","0"
"3545","1134.0","0","3780","400","0"
"3547","1222.0","0","4073","400","0"
"3548","1131.0","0","3769","400","0"
"3549","1369.0","0","4563","400","0"
"3552","1366.0","0","4555","400","0"
"3553","1748.0","1","2330","400","0"
"3555","1366.0","0","4555","400","0"
"3556","982.0","0","3273","400","0"
"3559","6979.0","2","3722","400","0"
"3560","1341.0","0","4469","400","0"
"3563","1068.0","0","3561","400","0"
"3566","1262.0","0","4207","400","0"
"3567","2936.0","1","3914","400","0"
"3568","1178.0","0","3928","400","0"
"3569","1288.0","0","4295","400","0"
"3570","6420.0","2","3424","400","0"
"3571","1362.0","0","4540","400","0"
"3573","1086.0","0","3619","400","0"
"3574","2187.0","1","2916","400","0"
"3575","1362.0","0","4540","400","0"
"3577","4020.0","2","2144","400","0"
"3578","1246.0","0","4154","400","0"
"3580","1306.0","0","4353","400","0"
"3583","113.0","2","60","-60","0"
"3584","113.0","2","60","-60","0"
"3585","113.0","2","60","-60","0"
"3586","113.0","2","60","-60","0"
"3587","113.0","2","60","-60","0"
"3588","1022.0","0","3406","400","0"
"3589","2598.0","1","3464","400","0"
"3590","1349.0","0","4497","400","0"
"3595","4041.0","2","2155","401","0"
"3602","1339.0","0","4465","400","0"
"3611","896.0","0","2986","400","0"
"3612","6814.0","2","3634","400","0"
"3613","6585.0","2","3512","400","0"
"3614","813.0","0","2710","400","0"
"3615","2108.0","8","281","428","0"
"3616","761.0","26","29","573","0"
"3619","1815.0","8","242","428","0"
"3624","761.0","26","29","565","0"
"3625","1688.0","8","225","420","0"
"3626","2363.0","8","315","420","0"
"3627","1523.0","8","203","420","0"
"3629","3053.0","8","407","416","0"
"3641","761.0","26","29","470","0"
"3648","761.0","26","29","455","0"
"3689","10530.0","8","1404","531","0"
"3690","1035.0","8","138","531","0"
"3694","2498.0","8","333","527","0"
"3698","1328.0","8","177","527","0"
"3700","1920.0","8","256","489","0"
"3705","1973.0","8","263","489","0"
"3707","3960.0","8","528","489","0"
"3708","114.0","2","61","-61","0"
"3709","114.0","2","61","-61","0"
"3710","114.0","2","61","-61","0"
"3711","114.0","2","61","-61","0"
"3712","114.0","2","61","-61","0"
"3713","18.0","0","60","-60","0"
"3714","18.0","0","60","-60","0"
"3715","18.0","0","60","-60","0"
"3716","18.0","0","60","-60","0"
"3717","18.0","0","60","-60","0"
"3725","17.0","0","57","-57","0"
"3726","17.0","0","57","-57","0"
"3727","17.0","0","57","-57","0"
"3728","17.0","0","57","-57","0"
"3729","43.0","1","57","-57","0"
"3730","43.0","1","57","-57","0"
"3731","43.0","1","57","-57","0"
"3732","43.0","1","57","-57","0"
"3733","43.0","1","57","-57","0"
"3734","43.0","1","57","-57","0"
"3735","43.0","1","57","-57","0"
"3736","43.0","1","57","-57","0"
"3737","43.0","1","57","-57","0"
"3738","43.0","1","57","-57","0"
"3739","111.0","2","59","-59","0"
"3740","111.0","2","59","-59","0"
"3741","111.0","2","59","-59","0"
"3775","1521.0","2","811","374","0"
"3782","5961.0","2","3179","372","0"
"3787","1667.0","2","889","349","0"
"3789","1538.0","8","205","653","0"
"3791","1793.0","8","239","653","0"
"3799","1185.0","8","158","593","0"
"3801","1556.0","2","830","347","0"
"3802","1800.0","8","240","593","0"
"3804","1556.0","2","830","338","0"
"3809","6698.0","2","3572","388","0"
"3812","1558.0","2","831","338","0"
"3814","1478.0","8","197","72","0"
"3817","6647.0","2","3545","365","0"
"3818","2543.0","8","339","72","0"
"3819","1493.0","8","199","72","0"
"3820","5243.0","2","2796","365","0"
"3824","10230.0","8","1364","72","0"
"3825","1808.0","8","241","67","0"
"3826","2565.0","8","342","67","0"
"3827","2288.0","8","305","556","0"
"3828","8348.0","8","1113","556","0"
"3829","1890.0","8","252","556","0"
"3830","2085.0","8","278","67","0"
"3831","7560.0","8","1008","50","0"
"3832","13740.0","8","1832","50","0"
"3834","4440.0","8","592","50","0"
"3847","4515.0","4","1204","437","0"
"3849","7478.0","4","1994","438","0"
"3851","6956.0","4","1855","437","0"
"3855","9840.0","4","2624","400","0"
"3857","6139.0","4","1637","401","0"
"3859","1733.0","4","462","370","0"
"3861","7163.0","4","1910","370","0"
"3863","8727.0","4","2327","369","0"
"3864","2363.0","8","315","570","0"
"3867","6488.0","4","1730","437","0"
"3871","6705.0","8","894","561","0"
"3872","1785.0","13","140","414","0"
"3879","1590.0","8","212","542","0"
"3882","1380.0","8","184","541","0"
"3884","1553.0","8","207","541","0"
"3885","5704.0","4","1521","408","0"
"3886","2027.0","13","159","394","0"
"3902","1373.0","8","183","442","0"
"3905","1898.0","8","253","438","0"
"3906","1065.0","8","142","438","0"
"3907","10013.0","8","1335","438","0"
"3918","1305.0","8","174","420","0"
"3921","1710.0","8","228","420","0"
"3932","420.0","8","56","807","0"
"3958","315.0","8","42","688","0"
"3966","878.0","8","117","682","0"
"3970","2235.0","8","298","409","0"
"3996","788.0","8","105","585","0"
"4008","615.0","8","82","480","0"
"4010","6450.0","8","860","487","0"
"4017","1223.0","8","163","380","0"
"4018","915.0","8","122","380","0"
"4020","8363.0","8","1115","387","0"
"4021","990.0","8","132","387","0"
"4022","1463.0","8","195","387","0"
"4073","2153.0","8","287","412","0"
"4075","1305.0","8","174","412","0"
"4076","1980.0","8","264","407","0"
"4083","1418.0","8","189","405","0"
"4088","1245.0","8","166","401","0"
"4106","4226.0","4","1127","617","0"
"4107","2723.0","2","1452","617","0"
"4109","1545.0","8","206","617","0"
"4115","5445.0","4","1452","616","0"
"4116","2723.0","2","1452","616","0"
"4121","1290.0","8","172","518","0"
"4122","495.0","8","66","-63","0"
"4123","1493.0","8","199","-63","0"
"4124","5160.0","8","688","-63","0"
"4125","788.0","8","105","-63","0"
"4126","9090.0","8","1212","-63","0"
"4127","3000.0","8","400","-63","0"
"4140","9180.0","8","1224","-39","0"
"4141","12405.0","8","1654","-39","0"
"4142","308.0","8","41","-39","0"
"4143","2760.0","8","368","-39","0"
"4144","6645.0","8","886","-39","0"
"4145","420.0","8","56","-56","0"
"4146","420.0","8","56","-56","0"
"4147","420.0","8","56","-56","0"
"4148","420.0","8","56","-56","0"
"4149","420.0","8","56","-56","0"
"4150","420.0","8","56","-56","0"
"4151","420.0","8","56","-56","0"
"4152","315.0","8","42","-41","0"
"4153","315.0","8","42","-41","0"
"4154","315.0","8","42","-41","0"
"4155","315.0","8","42","-41","0"
"4156","315.0","8","42","-41","0"
"4163","14588.0","8","1945","-61","0"
"4164","12885.0","8","1718","-61","0"
"4172","1478.0","8","197","482","0"
"4173","14078.0","8","1877","482","0"
"4174","10755.0","8","1434","479","0"
"4175","1733.0","8","231","479","0"
"4176","9098.0","8","1213","479","0"
"4177","13050.0","8","1740","479","0"
"4180","1575.0","8","210","391","0"
"4181","1290.0","8","172","391","0"
"4183","1613.0","8","215","391","0"
"4191","1680.0","8","224","381","0"
"4192","1080.0","8","144","381","0"
"4193","1410.0","8","188","381","0"
"4200","1500.0","8","200","314","0"
"4201","6653.0","8","887","314","0"
"4215","2258.0","8","301","440","0"
"4216","2078.0","8","277","440","0"
"4220","4943.0","8","659","434","0"
"4221","1035.0","8","138","434","0"
"4222","3053.0","8","407","434","0"
"4230","10388.0","8","1385","429","0"
"4236","7463.0","8","995","772","0"
"4237","1230.0","8","164","772","0"
"4238","7463.0","8","995","772","0"
"4300","2123.0","8","283","612","0"
"4307","2123.0","8","283","588","0"
"4312","2123.0","8","283","555","0"
"4315","668.0","8","89","555","0"
"4316","2063.0","8","275","555","0"
"4318","7530.0","8","1004","555","0"
"4319","7463.0","8","995","548","0"
"4320","7028.0","8","937","548","0"
"4321","1043.0","8","139","548","0"
"4324","2123.0","8","283","532","0"
"4325","2123.0","8","283","532","0"
"4338","2183.0","8","291","503","0"
"4339","2183.0","8","291","503","0"
"4343","2183.0","8","291","437","0"
"4344","2183.0","8","291","437","0"
"4445","1193.0","8","159","592","0"
"4462","1005.0","8","134","564","0"
"4464","1170.0","8","156","564","0"
"4470","825.0","8","110","484","0"
"4498","1568.0","8","209","391","0"
"4500","1035.0","8","138","391","0"
